No;Name;Grade;Year
1;IPFGPSB WGYFAOH;5.175860762;1920
2;QQXMWNH IVDSUVZ;8.269385729;1943
3;XNWOJIG UHTNVDD;1.249027731;1989
4;GOXQUEK HYRTMEW;8.179368811;1963
5;DBBXDBN ISTDPNA;0.20221082;1937
6;XPTDXUT NCTUNRF;7.7446564;1953
7;NXVXTPK QTCEGML;7.19762603;1926
8;RRGANHU RHCMJXE;9.975655397;1983
9;QPYRGZT QAXWGAJ;4.311423921;1989
10;ZLFIPUD MVHZBDU;4.32770888;1901
11;ASUGZVT AHIAGKD;6.536819204;1984
12;FFCENHF EGQKWER;8.422885979;1961
13;LMVKHTA OFBGXRX;3.833211208;1956
14;GXYOYVC OIBGMVP;7.787198926;1949
15;HHBJYJH VVFLFXZ;1.882951593;1953
16;DQSVQKA WDFNBAN;6.311645234;1915
17;ZIIPVZS CZBMXQQ;9.151588083;1901
18;EURRAQX EGVFZCJ;5.639335488;1941
19;OMWZNHU OCRBMJB;8.57030667;1990
20;PWPLQBQ ISZHLQX;2.654822085;2016
21;BKRISAW DVGPKGZ;5.34048093;2016
22;QBOMQAS PDUZGGY;4.232752541;1935
23;YTZEUDI TTGQPBJ;2.030261341;2010
24;NRTHENL AEDGIAU;9.180067093;1989
25;LDWNAUQ NTKYDNB;9.165709494;1920
26;NNWWAXQ PNTDDAF;7.674068664;1958
27;XYFFPYT TQMFOBQ;9.219149869;1949
28;VEELFQV FLRUYXK;8.797478877;1903
29;ZIALEXR OSKHDKW;3.793048458;1994
30;IRVINIW TKMBEPE;3.997478351;1980
31;GHHPOAN UYRTZCX;2.837177091;1979
32;VMHOIPW XVGKKCV;4.062948731;1971
33;HVGWMZD VDIKPTK;5.159165697;1944
34;XKLYMKP SUBXONX;4.15861348;1976
35;ABERVWW PKSIIJE;1.680706686;2011
36;CLSLVDX IGFZYMO;9.097587475;1992
37;ENDWHXD ZQKJOCW;3.127486479;1996
38;DBOFJKY VYHFUYQ;9.817875446;1930
39;KWJWCTR UPUATWB;2.082427919;1964
40;ZGEWEBQ KKFIYWF;4.238329385;1976
41;OEZFOKG LIKEAPY;5.210638323;1943
42;ATEYSEJ ZKTJJHW;9.711000533;1926
43;UKRKMXW BKTFVWU;1.403234935;2008
44;QZHNKRM IEBBPUR;5.365993978;1916
45;OCHEDWY PAOGEXX;8.233826562;1992
46;DISQYZN NEADXII;3.366553904;1957
47;RGWBSCY QFEOXGQ;4.01387311;1908
48;NTLYBVZ QQMQIQC;3.749804426;1953
49;GUTXYWK HPZQXUO;2.895576758;2001
50;LFQRWWY OSUSRVE;8.144548965;2008
51;CTMWEWK DNEXFYA;0.337100199;1918
52;SZLKUNN YPJRTYK;3.723075984;1935
53;EHFBBVZ LBHCWGK;4.804097137;1997
54;JPQAVTU CBCAYCU;6.072342323;1964
55;JTSHUQO FLYUQZP;6.911827799;2012
56;ENQFXLT DQWLQIE;5.566833756;1991
57;QYSRQCO NBGFKPB;2.884460057;1905
58;MNJVAVT GXIEIOF;8.79793235;1941
59;TBTQEWY AICGAQR;7.150884001;1905
60;OCXREAO PDNAOVP;9.408990147;1948
61;QUMVKJP YEKMMZK;7.622071326;1912
62;QBFBZLN VDMSMLO;4.146961522;2008
63;EJOEIAU WCEZLUD;9.974598119;2015
64;FFCQPFN SWFTHCA;6.777245478;2007
65;RXFBEEV VMYFBJG;3.345244754;1973
66;AVDBZFY HDVEKCG;3.599542616;1907
67;YQCEYHW TMLURWW;8.896910171;2009
68;MUNRWKM HTMOWJZ;6.267298874;1995
69;BGFXOKJ YLPBETA;0.59310938;1947
70;XOFIAEL CJKHMKU;7.0011361;1996
71;BHIUHYQ VCBPCGE;3.992007782;1928
72;IHMGSOA WKHCZTA;0.37087073;1972
73;SRSKNMM VQRRVGV;4.075077411;1907
74;FNIYVBY CARAIAZ;0.312182719;1911
75;VNAMRKG NGBVRUW;2.440782208;1937
76;IFMHYVM NNUVBAD;5.486147344;1935
77;SAGZTSJ KUYGZZC;6.411137315;1994
78;EQSROQS YRUVYGB;8.198430919;1935
79;RGXGCVU XIOAAKO;8.484715322;1945
80;EIHFQIY AMPWHHA;4.015056474;1954
81;UBQFXGQ XGSCYIA;5.541677225;1988
82;FSAQPJQ CWCLSRZ;6.698127196;1925
83;ZVWUIHZ BVDHFKV;9.179899623;1980
84;EUNBRZR JUUVXGW;5.586121714;1967
85;UGKEYIT HGCTFDX;9.917146352;1928
86;SDCCZPI GDVORVI;2.425620849;2014
87;HDFLMFP GLWEFVJ;7.742465737;1992
88;IIXDCVO WTHWXHN;4.056688962;1912
89;CKJWRBP TYDXNRK;0.566894054;1912
90;TIJEMUK NUWGLLQ;6.605785068;1988
91;LADJOBL OXZZGPX;4.808556093;1976
92;OFLQCCG DEUZAOE;9.516655367;1933
93;WRQDAPE RQBDJPW;6.364377708;2019
94;JAJBHQL VUIQCJL;9.40260532;1903
95;OKRVXCA MLFVATZ;3.619273504;1971
96;HELKDKZ XWLOGRS;4.725293466;1921
97;MFLSFOI LOWKWEN;7.579193832;1982
98;SLXQQMZ FCZGMAK;2.430540877;1903
99;WWERLER NQNNBXI;1.74946437;2001
100;FZCSAJH JQWTVWV;2.725634846;2012
101;OEAVQVF PHFYRRK;6.544184777;2002
102;SURLFNT SCSRIHR;3.692756237;2004
103;SSRXNHQ OVCSZSS;6.650258208;1938
104;FDUALWF NZUBGDN;9.722456934;1911
105;FTAMNHE TBBCEHS;9.872189108;1954
106;JWAINYR QFPCPSU;4.429858857;1913
107;OMOATMC AQKTCQA;3.612661277;1922
108;LZJVSJE ZNTBPZP;4.436533711;1991
109;PZFIHCL QGSJRZT;6.406118565;1942
110;MPSBMFW ZDZYLJV;2.54350521;1982
111;YJBJCIW OLIUAQI;0.212700263;1974
112;BRXCVUM RSPPDMF;6.328093733;1991
113;ICHOVHW OGDOKXJ;7.68256143;1969
114;BAPQZBI FTLSHZR;8.839301041;2004
115;MIFOEXI DVBIGYF;1.682648047;1954
116;JKIFJGS ONJUJWP;1.036515599;1900
117;BKDETGK OISZECY;5.158720761;1913
118;EDUKWVP WJVLHYC;6.403720687;1975
119;TAAZGYN UAEUWMG;1.797664949;1984
120;ZUCZHHM DQIQNOP;3.158195435;1977
121;XZTUBEI IHORFSE;6.80305491;1965
122;EPPJFQH PNETSHF;4.39494701;1992
123;NMWRJQX KEJJDBA;3.37780891;1943
124;OXPBOKA XVFPZDN;3.026421233;2019
125;OZKRTPY LBSHGFK;2.935125884;2002
126;TKWINHI GJMNYHD;1.364537216;1936
127;YPHOUTQ ZQLWAVS;7.813433761;1937
128;QIQKNRJ KOPPUVG;0.645310507;1949
129;QLQQLMD XKMMEYD;0.187300373;1942
130;NWLAACK ZIIHPKQ;6.747832526;1948
131;XIILTRU BSYZZAO;9.043491712;1974
132;WGWHDWL DAWOPAQ;5.220208863;1932
133;CBOBQRA OJTDMTX;6.487686464;1955
134;ITVIGNU HNVNXGF;2.182266394;1929
135;MJWRBWI PDZLWBY;9.251728347;1912
136;FIPTCQT FMCTKGM;7.971162952;1936
137;HXJAEJC SCROJBS;6.174702128;1987
138;KHRNAGH NTBDUCU;7.773808037;1916
139;OUYROMW AIVCDMF;2.744375254;1996
140;ZWKFQFN IASEYNZ;3.9582335;1935
141;GISSQUA HBRUFST;7.499196874;1992
142;MIKJEHC KGLNGKG;6.629511205;1962
143;VIDILTE MMSUWJM;2.460318516;1938
144;KVVZMQU MTCWXVO;5.571546922;1960
145;XXRWMWK NCUMXWD;7.69876147;1972
146;XACHIEE IYRHLXH;9.689442948;1954
147;AAUNGRP WGBTFWJ;6.130448784;1963
148;SCMWAPN YQNUBOG;4.605392751;2019
149;PGVDNGY MPMXHBC;2.35568032;1993
150;KNHUKOQ GFEJQYY;5.375711586;1979
151;SGPWNGN JKEJSYL;9.88972915;1923
152;FWFIOZM OMCWDOZ;5.524780842;1949
153;JUTBRTC MRSCKMV;7.423028539;1996
154;WMWMXZG NQBSVAQ;5.347673749;2007
155;ZABKMKB MBGFWIE;9.042339944;1987
156;GHIXSOI SFMHNER;4.665429576;2007
157;GMHSUAC UWBGUHM;3.135898451;1989
158;XZMITPW VWNPQZE;9.960333341;1961
159;RRUUSQJ NQHJCXF;6.790938627;1905
160;KTEZRQV JLHGLZQ;8.904001535;1961
161;VSNCNOG GRCZCED;7.357410481;1922
162;UQLTSWS HEBJZVS;1.396010365;1978
163;VCWHNWZ WUKHCUX;8.576076199;1978
164;BLRYRMM NERHABA;7.734905646;1919
165;FORZAZZ XREWKUI;4.711230276;2018
166;HQXCSXL OKJGTDB;8.648068329;2013
167;LJHGQJO WJUXWRL;1.521578074;2012
168;UXZVRPI LQZHLIV;7.154820209;1904
169;DRTTBUG ZIFAXNT;1.299752666;1914
170;NIRATLI OOEAHTL;4.413406733;1966
171;OHCTMKE FDBEQRA;8.840943362;1923
172;XFWYBZU QIWNITJ;9.041055909;2002
173;LYGCJGO LYUMIRA;3.114491743;2015
174;XETKUYN ZUYKVLZ;4.560971673;2002
175;MUTRCEV MZMGIIA;8.318190267;1985
176;HHTQYGE EKWBHKF;2.72747516;1978
177;NCDOGBD OXPNOSI;4.488873021;1988
178;OVNDQBR ZKIZWEB;2.316210409;1939
179;LTZNOXA GBJRFFD;6.308838536;1910
180;BQVWQVQ NWJQJBA;6.892282901;1961
181;RUNSBKO LDERKOU;8.463844219;2006
182;UITMIOR TTCQVRH;1.939821455;1952
183;BUXLQWF MFRKXZE;1.215885481;1907
184;YXXESSA QXEIXOX;3.525227001;1913
185;RABQJTV BRITYAC;9.017483002;1988
186;VOSGKXV XEABITN;8.294025679;1908
187;ZRZMIRK AVVOZKR;8.992678165;1906
188;PMCSLWW VQXQVVR;5.328169103;1965
189;WNLSIDL TRTHGTQ;8.693031896;1903
190;QNFNELS ULHBBKT;1.240863804;1946
191;NRKQGWH WYUYUMB;4.490385536;2018
192;OZHDJDH IRROBSH;2.523312778;1945
193;XXBPFFS NMLZFXY;0.330741783;2004
194;RETAZZA HYYBCKB;0.106984707;1988
195;FKGBHFX VDTPNDG;0.138397784;1918
196;MMVJQCH KMRLUES;7.618966969;2006
197;YMWSDXD AHCYVTK;2.221602358;1917
198;OXQAVIK GSTJTBR;3.461207101;1958
199;FYDUHWT ICBJYQF;7.395506159;1921
200;ELUVTGQ TZEUBXI;7.726180949;2006
201;OLPJVXV DSNHZIQ;4.373433047;1981
202;CHEEEUM JWFPSKN;6.660622685;1949
203;VTXSXGE ZMYMXYJ;2.735295637;1905
204;FJITGLD BCXAYHQ;7.767808871;2014
205;ESBOZKA XDKCYML;8.171310191;2012
206;WINLYUX BLTDLBR;1.582788691;1977
207;ZQWIPWK LPUDKDL;7.584114171;1956
208;XYIOXPL MAEBBOJ;0.209831126;1977
209;ZNEPTFU JADYEGM;8.355676045;1981
210;OPGEQIN XMHOQQV;2.210450001;1967
211;XLKAKWB MVBIDHH;0.503659007;1919
212;UFTUFCZ NIYTKNJ;6.429272893;1956
213;XQOAFDP RPBDPTY;7.098649699;1902
214;NEKSLMK OSSXNDR;8.557534298;1973
215;ZMSJLQE NDUKRAF;2.648187994;2018
216;FCDPXJP GFUWBRK;7.884193061;1900
217;ZUJYDUP AGJZCOK;7.379759698;1954
218;BMECZZS LYCQGSJ;5.915775929;1990
219;EBCDAJF WXKQYMF;7.597354082;1983
220;KMUAGFD JTHYTQR;8.390227513;1997
221;BFJPUQX ZLNDEOW;2.060671681;2013
222;HTYHVJR WGHYFMU;0.192448211;2001
223;ETFNWNO WJIPIGC;7.275868382;1921
224;CFXXLSY IFZWSBF;5.388258236;1993
225;SJLMMJQ LBFCOVT;4.606898086;2014
226;GSIABAX GYGVZAZ;4.842941343;1964
227;OYJPUOZ VLTCJAQ;0.378281138;1916
228;JLRBDUQ QFMKIOI;7.374063718;1941
229;MUKMLHG GEXIOLK;2.673757103;1954
230;VHPTKTS JTHHZQW;2.882294911;1967
231;PPZTVOS ZOTADUR;3.064303014;1949
232;OBOPTJZ JJWZTZY;2.221544577;1985
233;JIVFTGB RSKIPAZ;9.822829901;1946
234;YFMQSJY LFPLHEU;6.470721851;2007
235;LNCNLHL NMWABUC;9.502582765;1931
236;ZEGHNEX SEUSZNP;6.02616274;1991
237;VBTQOLC UCAICIF;2.871713072;1957
238;EZZRRTZ BAMYMOW;1.838980704;1908
239;VSOTUMA WDDQHPV;7.944210345;1972
240;SFHRYOD MHDFRKN;9.525694055;1997
241;TLYPVTP GJTZKWK;9.283113092;1934
242;GELZGQS YBULTUL;2.156944196;1944
243;FAJMQWX BXOCFZR;5.902436989;2013
244;DQZEERD KHXLUVA;0.696493712;1931
245;UFEKCXX XHGTUPO;2.415561124;1982
246;ZEZTDMB ZILDMPH;1.644825598;1961
247;BJMSRBV UETUFVD;3.64991586;1994
248;DXBJOKH BQZHAYL;1.34443212;1943
249;AZIBUZT XZZYROM;3.664666851;1908
250;OQOWXNQ PTGKDLV;6.833797267;1949
251;IPBABKJ AEYDPFC;1.918883361;1994
252;AGMUVMQ AVTBDAD;5.941433707;2006
253;JLOLPUS DDJIUZH;3.349826212;1911
254;BOFNQVH WADDKBE;6.174970134;1998
255;ZNIDIMJ AFXZRKE;0.007504287;1997
256;CPQVPZE JEOMGTA;8.598613171;1959
257;HXHPOIG GJLISYJ;0.975998485;1941
258;GEOXOQJ HHTFSOF;3.424254442;1927
259;RZCCPMQ HPFGQCW;6.327756189;1925
260;UKLRYEX QMRNCVR;8.638891972;1951
261;SURPLAK AOKKDQQ;5.823851548;2013
262;FFUMJFV QACZCPM;6.416737098;1930
263;SBSBZYB WSGEKBL;4.077632014;1927
264;DLWKROW IXIOTXL;3.062353921;2011
265;SWYGWBJ YWFCTVI;6.535081024;2012
266;URGOSFH TOMCKQN;4.737216779;1985
267;LQSCPFN VGEEBXK;0.746026758;1945
268;VPNKXYN IVYGLAU;3.160142206;1965
269;EDFBQVS XNNBUIH;0.585008589;1973
270;RSRBYEN JJQGIJF;4.741334222;1966
271;NUPIUIC TCIFQMJ;3.711526444;1968
272;JQQURTH MGXLREA;3.054374123;1902
273;VYOBHAM IPSQZKR;1.052122938;1946
274;WMKGSIS IQEPIZK;2.077687549;1917
275;QSGAPDZ RNTMZKH;9.282149627;1924
276;QUFWJDX SBIQBOW;6.630428569;2016
277;HKEUUIL BKGVISG;9.049897512;2002
278;AHCXOBQ XCMXNAW;9.872792223;1948
279;FILBFHI CRVCHXO;1.019284548;1924
280;HTVXTUR KJGRHDG;4.356932537;1922
281;CXVPKIG OUILYMK;7.10305865;1966
282;RRHMRJY SUFGNVE;0.449866183;1905
283;KXWBART AQUYFEN;3.76060161;1951
284;EBFQYMM JQILHYZ;1.552191954;1913
285;RGJUAGB ZIVAUMV;7.413309649;2006
286;CTHAOGU EHTRCIE;0.217527106;1955
287;TASRXBB KLGYNOE;5.193652641;1990
288;RUHICUU YFWRBCT;5.156927787;2019
289;NXWXTCJ FUIVKNP;5.020514852;1922
290;DASDYHH STUOSIN;7.514445281;1973
291;JBSSXBZ GWNORBD;6.79475098;2014
292;HLVCMUU HOJZSHL;8.561816233;1945
293;DIRQUEX LZLPYTK;4.666837458;2018
294;YRZJPUI AQGYYOQ;8.561788937;2001
295;ODJWQLL BTBNHIZ;5.603199544;1960
296;QPROWCL JMDJRJN;9.005139561;2018
297;TUVYQOT NFRSRBQ;6.445390738;1923
298;HMUAFER BGUJAPQ;1.226075329;1929
299;OIDITJW UPRHZVP;2.454018397;1930
300;ZOCSVDD EBENFLB;8.38510686;1968
301;TEKDAFI CXQPNJZ;6.583934434;1983
302;GXBNFQC CTKVZJR;3.0081494;1902
303;GRDVLMU MRSCWLG;5.970499827;2006
304;WTQMAHI ESCBDGO;4.960792087;1963
305;BHUGUJZ HVBTXVU;9.850113521;1952
306;MWUKLDI DMISYPR;9.12192299;1957
307;JVYXCVP JCFMIML;6.523545821;1940
308;KXDCJSC NIJUTTY;1.662428408;1932
309;FFBQTFD HKKVFQT;1.804584763;1960
310;IBZTRXF GEAQSHV;7.88058056;1911
311;SFSVLPQ IWXJCZI;8.253145291;1924
312;CYASBSQ ZANHAFL;9.706105446;1904
313;QSPPUGM BKIGOQB;8.185202619;2010
314;TUANXZR ATOHMZL;1.201382185;1954
315;TPVDQIT RRYNPBK;2.270834567;1964
316;TOGMJQV TFUVGCW;0.214439265;1958
317;FPTAZAT ZCRUKLU;4.669526631;1945
318;RUPAAVG YTDMZVJ;6.418554849;1903
319;RDCOKCK AOELOXD;1.849770419;1969
320;XUBIQIJ AIWXPPD;3.557739443;1955
321;TOGDZQO XOMJVCB;9.903768482;1908
322;JZPKOLY UNYZTBM;3.917897984;2017
323;LDBGFQK ETLMLNY;8.8486281;1984
324;XIUHFSG EFKGRDB;1.808835957;2006
325;ANMYRTN ORLKMYQ;7.897709128;1999
326;VPLGBIF PAEKUSN;7.289555727;1928
327;LOJQQAB EJJBNRV;2.133817767;1928
328;HRGSHQM KAUSVLU;3.119721116;1919
329;KKAHKYC TGLQKSC;5.142247713;2010
330;PSJFGAT TRYEYLR;8.720854934;1998
331;OENARRR WRZMQBK;5.396456326;1985
332;OAAJLTZ SWLHOEU;6.481872295;1901
333;REACWIK TCZOJNM;6.353945246;1910
334;PGFJEYK RENJQHQ;4.114424527;1922
335;JTOARPP AMTPNIQ;3.466896892;1909
336;YYXCLQF BRZAPPO;9.399406391;2009
337;IYVSJGO GHUGBRD;6.432758611;1949
338;CNRJMCC KDXOBKR;8.617861337;1931
339;LZTUCAQ OZZPILP;8.211559137;1958
340;ATKCRXE HFENOIQ;1.194904443;2019
341;KYIDEHI OIUZYNE;7.696697367;1935
342;SIAHPYG JXAVKRK;7.41579429;1942
343;ODUVRZE ZWHKMKU;0.272485424;2019
344;UDBHLUW OESTGTE;3.730657491;1915
345;ETUVQLH GSNFGGJ;7.960838858;2007
346;MCHULRD EZYGPLO;1.63828857;1938
347;XRVNLQF COXJGUF;7.349566893;2007
348;ZMYUYCF ZQGXWGS;5.889191676;1964
349;ZQGVZMM JIUYWON;6.547053293;1975
350;FBRQKXZ NZSHQYB;3.116683244;2012
351;VVJZSGZ HXLUSVQ;8.128730873;1920
352;ROZSROW SUIFLJX;6.806325891;1968
353;LUZGTZF NEYQDDE;2.181497056;1992
354;BLWMLSY VPRHGIG;0.035182855;1982
355;YMJSYWU THOOXNJ;3.727281988;1937
356;YIQRQKL FOFPJRU;0.268125635;1978
357;WWNONHZ DAVQAYO;7.651926565;2001
358;PGPFJYQ IZBNGGU;4.855341282;1907
359;TIODCFN HQEPBML;0.467677577;1906
360;DVQTHVQ ADWODEG;2.007530028;1955
361;SWHAFTR EIRKQYP;8.821109438;1964
362;TQFMCGX XQBRPWA;1.948414081;1933
363;RSYSLTL EHLRMUC;9.31518215;1926
364;IYAPYAQ UEMWZBJ;2.391993306;1938
365;MFLWRKE MWBGMDL;9.330359693;1969
366;QCJESKT ZAAOLOI;7.246609656;1911
367;XJSVPDQ UJVITVJ;4.366288286;1983
368;XMJYFHY CTTNTCF;4.013491394;1924
369;TKOZMCC SCZWVKR;1.438728052;1908
370;SPICFKS OOPZMZE;2.699729915;1957
371;DABUVFI HJBZUHR;5.700106225;2019
372;ZEESWCB BHTETDL;8.927486397;1943
373;CZGUMRJ HMZKMZH;4.068774442;2015
374;NUQDUOV BKLXPRC;6.598510388;2007
375;USCDGPI VIJSKMR;4.132838638;1985
376;XBWEYAH BAJXOHQ;8.806541758;1918
377;WFJOMJJ SWMWNDK;9.476490246;2014
378;PACUKBW JQLVNCH;9.266231452;1977
379;MSPHEAZ AHRQCGR;3.605126086;2005
380;BDLJCWV AAIJDQM;9.924686308;1910
381;QOORLXJ HLIXTDL;1.138430237;1994
382;FOSNOXH BOBWVEV;6.808171117;1985
383;NICAILS NMYYNRN;1.553815736;1958
384;NLMFQRK GJIYEOX;6.280051171;1925
385;MUHIEKJ DQCZIRP;4.855648683;1950
386;QEXTSJR WKDOWDD;6.794760564;1942
387;AKDYVPI HNBEWHX;2.384698952;1966
388;NPRSZVS BFHTUVU;8.802875638;1967
389;LBUXMUA JICSLXP;0.813942201;1945
390;GBSOKJP PVMKCFE;2.462292314;1932
391;WGVBCHA ZMNKJCT;2.436173394;1947
392;JYDGZUE YMFNIMO;5.851436184;1930
393;FWNPZFF HXAFCKH;0.719260741;1903
394;BMHABQG TLRQTLE;4.745124055;1984
395;WOCIPRE GWVQXAW;1.814740844;1964
396;HNCJQVK REEAPIK;1.551680438;1990
397;MSQAXBW LTKBTBT;3.846791098;1955
398;WAWKWCD PTNMQNO;4.61772915;1947
399;FKZEHDZ LMEOWNJ;5.134390596;2012
400;XURMMCN JKDXMRJ;6.508054027;1921
401;TEYQMCT WWLQILI;8.417314731;1905
402;REVLDDO WPXRINN;9.847140454;2012
403;ABIBIYJ SVTZOCO;6.372515035;1910
404;CTZOAKU SHRIQBN;9.295466993;1928
405;YESRZOC BRSMEHS;4.174897536;1961
406;GNGSPUP TDPCUDL;4.642829861;1944
407;TTMPFWZ VDXPDWS;3.256365227;1941
408;XRGHJJI GBCSLEX;5.039733977;1949
409;PUQBREA YOVIILT;8.626202719;1921
410;DXSTLQL NESECGW;6.576945135;1957
411;CWBYPKR DRZZUAP;5.125412486;1964
412;WVJYICX AZELLSS;7.970252742;1941
413;JAKGFVU FDHUIQP;8.454265399;1954
414;CVFTNRG TZGJYCO;0.522379015;1960
415;YHXPRGA RPVWSFB;7.01229287;1975
416;JOATJJW NSLMHJI;8.0719665;2000
417;URJKCFQ LCPBABQ;9.211135064;1925
418;XIVSFUW MCPNCFE;4.204868672;1909
419;HUJXHPT KYOTVMR;0.085965472;1903
420;YQKJVXG VYLQINX;4.584635227;1924
421;UWALGXR GFLGXBK;7.258069368;1930
422;ZEAPWHD WNYZPPA;5.251373609;1948
423;DAIIHFL THTYBLK;3.646297616;1976
424;ORFSXMZ WSNLYPI;1.408668944;1970
425;UMVEMWR MVMJCQV;0.282297287;1957
426;NCGDEDT JRMUOFT;6.890406717;1917
427;UHFKECV XUDOIXE;1.107996541;1958
428;FAQVFWC DEBZDKL;4.397779556;1989
429;WNUQZYL FFRZHTC;5.283833507;1945
430;TRZTWUB WEDLEQF;6.896600741;1906
431;DYIWCVF OANHDLY;5.802468162;1968
432;QRKEEEU YENREGU;4.538422982;2017
433;CMHRSJG JKMKESS;3.458309798;1998
434;DKEYPFM OLZLTSL;0.433519126;2014
435;UEAFFIM KLHLMMI;3.693197135;1902
436;RNVRFLV NWVWAES;6.25071645;1964
437;ZENSYSR XEEAVIO;6.043272553;1940
438;RFQZFYH PPMYMSQ;3.783065236;1976
439;YHVKJZP RDVUEWG;4.429176786;2019
440;KGSBVAD MDSAVDF;7.257374827;1982
441;HHHOYEY TTYFCHF;4.14674179;1913
442;HVYRVJD WEVHQEG;7.224802103;2017
443;NGVRSCS VBVLAEP;7.44706974;1981
444;SKLAQYR AJKBHAI;9.876908126;1998
445;DIVEOJO BNNTEIZ;4.497479033;1948
446;NYFBABT KJHYYUX;3.389175113;2011
447;FGTTBOG NGWLQKE;9.341044751;1926
448;OQZUSXG MVBLFUH;1.104986846;1988
449;LDEWLJZ LZPEKPM;2.036481207;1904
450;IQEHOGJ YUBAHZB;5.653059999;1987
451;MVEUJZT JERCDJZ;5.579721571;1920
452;FTZGPNE XKTDZMJ;4.920245497;1932
453;CHVWNIZ TTRHPYC;7.787044915;2011
454;UXYQFTG NJDPKEK;9.510175065;1992
455;CQVWPCZ FFPMBDT;0.5471339;1997
456;XXGVOOP DWVSCDJ;4.012801668;1945
457;NZZCXSA OMAOWLZ;6.92524298;1996
458;SIUEGMF EUSZHVT;2.896680815;1999
459;FPVCQVW QNRMYAK;0.045286977;1948
460;DKDLYQX XCKOKXM;3.437638797;1950
461;OCSPWCL BVDCZZE;0.665119179;1982
462;WZOKVUW DCUWVJP;1.916768461;1955
463;BASIJJX WKTLXRH;8.193919759;1921
464;DCMXEMR QUPCXBM;5.530260705;2017
465;AACNQIF TNTIMGR;5.818590045;1950
466;IFPOAHU EQBTIKQ;1.139781221;1900
467;BNAMFII EAAFQKE;1.586389228;1961
468;YCYLGEV FSOPRFV;6.032636016;2006
469;WACSNEF CABDYVW;4.835136409;1961
470;FFYLTPQ HUSXWLO;9.186827134;1934
471;SYSZIRV OBQWKDY;0.974112675;1979
472;ZPIVUTG OFVEGNH;8.177695054;1926
473;GNIALAQ KHXVSLV;5.580808641;1991
474;JHFJULE LUYKAHY;2.606995159;2014
475;ZXEYPFW VPUAREN;2.984249815;2001
476;LIGKYMB PMEMBOO;3.459877761;1975
477;WZSDJOZ CUGVTMM;7.602898982;1960
478;NCNIKBM XWAGFSH;0.389003898;1924
479;ASDUZEX HLQPVFJ;6.109883127;1965
480;WOIDQIU GFHPRTL;3.583038483;1970
481;VTXJRTE ZFTCSRT;9.440235173;2018
482;UWOETEW BCJGBNX;3.424664514;1936
483;MYFMRIP ZBZCLBT;7.122053616;1930
484;MSASDKI WTPGOFC;1.970027262;1907
485;MYFBJVT VWGXTNI;4.004230183;1934
486;ROCOIRB WTLHEYZ;2.722710788;1996
487;GKXDJPH BJYJRNF;2.615942795;2003
488;DYJBKAG BSMLNEC;1.357731814;1911
489;HHWEJXD KEXRJKN;9.984666884;1946
490;NAGWWUL EPJZQVT;1.666831884;1999
491;FWEPIIZ ALGTNQA;2.035221997;1977
492;INVHLMV DTGFKUT;5.735230066;1938
493;KOEDXQE OHMPDXV;7.261858457;2004
494;LADZQFP QMQAUZT;8.641149184;1944
495;AMVWQQL ZJASQDE;3.364400939;1930
496;TAQZDLT GIZEXJK;2.357911222;1980
497;OWCUVXW DKIAPTA;0.022794984;1910
498;XRKVUAR UITWYAC;9.318036819;1907
499;PCQVHQT GRMVCZO;2.862943966;1946
500;WYCSCNY LIMNHQF;6.782488378;1977
501;RODKYPS NKWVPPA;6.11394817;2010
502;GIMBJPO CEDDEET;7.871414019;1987
503;TVJVVBA ZZTCHWY;3.030621678;1970
504;MWKKHFK QNIMMQC;6.1094077;1931
505;GXTPBVP WIWVIST;6.759864592;1921
506;DMUVCOO VIQWOVR;4.60563404;1972
507;QREYWUK GDNVFCR;4.390495322;1945
508;DIVJQAY VNQMJVD;5.285793528;1918
509;OMGZCKU LPCYXES;2.352020443;1910
510;LSMREWB NILJVFS;2.483246991;1946
511;EUSNXRS RNPBYAK;1.482568132;2010
512;RUMHNBD QUYXSMW;9.377480526;1936
513;QJOHMFA CTBEAGT;7.71009777;1961
514;RVMBULM EQVLMHX;8.727234;1980
515;FJCVGQZ JPRHOND;7.978771292;1916
516;ZQLGVLJ RAEZEAF;9.851340515;1948
517;BVVVSXN OPQYIGC;7.103140801;1927
518;ECEETKM SYDONCJ;0.931436421;1926
519;ACXMRFF MYDSZBE;8.266693146;1997
520;SJUKUVZ BPEYPDT;5.977186461;1968
521;KRFVDDC PYLJFYO;2.090203467;1995
522;TRQRVLJ IYGXXGC;2.61890681;2011
523;LPIUKAI OTTUHII;5.224142133;1924
524;TGKYFWY SVWHRUV;0.876629044;1910
525;TRCDRSQ RRLAWLA;5.05414187;1979
526;YOAQLFB GUHPFBB;8.829112348;1963
527;AZDHODA AGJYCWU;7.566490194;1994
528;LQETYBH RAQZNPF;8.35986301;1998
529;TXDDILR DDMJIZQ;1.557327785;2012
530;OYYJNLY ORWJTWI;9.360353739;1901
531;WRHCYDS BUVSRPB;9.519586758;1917
532;DSBZWHK QDPLBNO;3.591677933;1914
533;YBMPFXM HCRSHAJ;4.241048232;1950
534;CNYABFT ZRBAFFV;1.028983356;1935
535;MNNFTVV EAUJLYH;8.708119956;2005
536;WMIQWLD UEXYFLU;2.930085557;2005
537;NFGVQRH HTPTAOF;6.197403293;1929
538;VVOBIOK YNFHWGE;7.972378006;1971
539;RMURNNC UURDYRL;5.906909581;1936
540;IWZUSVQ SXTHKQE;3.771809635;1963
541;PJRBVTV PJBECBL;0.594408147;1928
542;EGGFBPE FCRKPAI;3.058909039;1927
543;TLIKATE HNTOQGW;0.765386937;2017
544;YMCYEDN MBMJNIO;4.283055669;1936
545;JRHFEUB CHIIXDZ;6.958094499;1948
546;UVTWDSY NNMNNTZ;5.306770509;1906
547;HLBOYRD GCOJEUY;4.583297079;1934
548;WAAQFDG LEBQCLC;1.765675198;1930
549;XHYPSWO CMFQZOC;0.31879397;1907
550;ONKREVU BQIBQBH;5.334283997;2011
551;UWIBLLZ ZUYWQUS;9.700084281;1946
552;HINTOAI PSTWWFG;4.705497855;1947
553;GWCUPVO QTPQUDF;9.881756311;2016
554;VSDAMVB GPJNNMC;1.655777428;2019
555;ZURCPLG XTHWPNO;0.001168091;1943
556;MXQYQLM TMATHQI;6.353364532;1935
557;FVYNNXP PJWXSMW;5.698328174;1933
558;CTZBVNZ XRPFRRE;2.104682725;1910
559;TPPOPDN UAEGTIZ;3.884065959;1976
560;CYIZDXU UZHKWTH;3.830097961;1924
561;VKQOUEJ GHPEMXT;4.188659624;1974
562;ZNYPKDC UBVVDVX;3.7950486;2004
563;ZRXHXRO XKJAUUM;7.242744639;1930
564;GDNGXDP GBBURXN;3.803731831;1965
565;MNCMGJI ZIVZKAG;4.662538137;1986
566;XKKOVGF YSIBSOJ;1.812345387;1908
567;DNLSFUZ HQCTCXH;2.006712453;1974
568;AQNEEVK ANYKNEM;8.753159428;1931
569;EUCBAGR MJXKKVC;1.103419328;1936
570;SSSKASH MRAZBLU;2.024791186;1932
571;LACLVGU MOXDACJ;1.625353782;1918
572;RDQZZNR SJUGQGW;0.825975449;2011
573;AASEGHC KSNVAIY;3.331555307;1929
574;WLXBTFQ WLXHNKU;6.548792246;1982
575;RVDTMNI EMPRLQP;1.975645938;1981
576;ZGDQYNW PBEEOJW;2.481819514;1981
577;CVEHODT QVSTBSL;2.4901073;1914
578;QYQMVWX KKJIRJO;8.381717379;1929
579;YVYEJPM EJFWWCL;6.711181635;1903
580;BITKTVN HVBVOOH;7.30105638;1946
581;NGXUACE QVFOBHM;3.522060273;1982
582;IFWQBFK ZPRAGLW;5.747013245;1998
583;KYANPUO EKIKJKD;2.799955759;2016
584;CSBQWWH TTJRJFF;1.420972287;1949
585;WEBDWNP JJSDZKG;1.514243744;1944
586;VAIQKSC JBUQOMJ;9.525667662;1912
587;KTMFBOJ FQGZPYC;0.796104223;1966
588;XGNLWUA WSXCWWJ;3.852724196;1922
589;RYCFNMB SVHWRXI;6.886583248;1956
590;XAWRLXI LKDZNMW;3.579570725;2003
591;CDFBGUH ZOXKEOD;2.980985975;1934
592;EAODYVG HITFPFY;8.280995661;2003
593;ZYOJLJX ZTXLBAX;5.977104824;1982
594;AYZQIXP GDJWHWY;2.134403198;1916
595;RFXMGQD JOELMPP;4.39852386;1934
596;DVKFAXH MBDWUWM;4.008755874;1939
597;YZDVCUI WUHJLYL;4.713407176;1903
598;MNYYHTG FSNYVBV;6.170487678;1984
599;TVKOSZN CTGOPBH;9.535215959;1986
600;QVPILWB OXNCCIQ;9.02442312;1971
601;LERBLAY EBMNZYG;9.869420769;2011
602;CRZBTTC HFUJRAP;8.767568363;1927
603;TEAKRXZ ILQHFGP;3.833559662;1910
604;OGZCEBX XGYOVLM;7.20214898;1913
605;HECUDRQ YAHOGXX;8.747118762;2009
606;NVVLEXP VGUBPAG;7.837391437;1990
607;RWCOKZT JSVMBLW;7.647500858;1914
608;IPPFHKX CJIJTSP;2.167577107;1989
609;EHITZPP XSIPAKT;1.046478149;1907
610;VVSTLLZ PMGDIIM;9.139424015;1972
611;DAPJOUI UQQDYIT;5.255553146;1912
612;DWZSHHA NQSNWAI;4.377066845;1956
613;BIAMLFY PIEAMAZ;3.090075472;1923
614;WIMYPEN YFGREQK;4.944408666;1988
615;XIDGXXG ADSCULT;4.67556844;1989
616;XGZMWRI MLTDLKD;4.140808598;1901
617;EHKLYOQ CRRKFPV;2.095515349;1921
618;VWVMJPA SRTMSCC;9.846289392;1949
619;OVELDNF GIASQHN;7.16007179;2006
620;ZNHLYCK QURTOYS;6.49048267;1996
621;XQQZLTQ HSXDIRK;1.210509252;1948
622;SGMMLAO WKZGLKR;2.500068693;1995
623;CPABBDY NSBZEOF;9.610978459;2014
624;MTCSCCC NQNNECW;5.115828274;1987
625;GAFGHRV HGEKHYK;9.222345694;1924
626;ZDUMSDX LVHYFDL;5.370064378;2019
627;TNXVVCD FJSQDQY;9.445597275;1941
628;WHINYVM VXAQBPZ;7.998287686;1997
629;BXDRTVG QOLRWGK;7.228334006;1916
630;PPSURSR HPGSMTG;3.31228543;1950
631;ZQBBGTB GJSCGXA;6.318914999;2017
632;XPJBTZL VCQHAJY;1.895621555;1999
633;LJTKQFO LPFXUFY;7.45515997;1926
634;YSZPLWN KMSROQV;5.691464231;1982
635;CGEZIQX OLFZQLZ;6.644620679;1957
636;DVXUIPH ZVZOPAI;0.610695366;1970
637;MICRBNN IAJDQCS;3.701218881;1979
638;MGRQFMZ BFBBRRQ;4.420251368;1975
639;EMXKQXA EOUSQUX;7.490376867;1998
640;OCJLWGO QQCLGBF;7.659956492;2004
641;JHJYYPL VXYWBXO;0.179827616;1905
642;BJYPPXU UQCMNDY;2.085763107;1901
643;QFJSACJ IZJFSCY;2.781396871;1967
644;UIQUHRK ADHLHNN;7.272500685;1937
645;WEEKKAC SPWIOEF;6.398030479;2004
646;DOMLRYS NUPOTIG;6.884164004;1956
647;KXWTJLO TFGABON;3.628074413;1903
648;VDQWQJE FHBBLNS;8.91955758;1938
649;EPSFARM TDDMOSJ;9.18018582;1933
650;EGYONFY CWBQENX;5.100433267;1939
651;KWTKZPK ZJXQNCJ;0.077683506;1970
652;ZLDLEXI JTXVKCV;0.491298821;1995
653;UIUYBMD NQLLSEG;3.433691062;1922
654;WHYKMPU CZIORBE;1.352782795;1923
655;ZJVDIAZ STRZEFS;9.957422475;2010
656;XEYNZLW AUGPWBX;5.969731425;1927
657;XLRAAUW GOZDHTT;9.620372852;1936
658;DJBPUEF AQFRFRB;4.039113034;1956
659;ROSDMWT LFSQUSK;7.56790499;1973
660;JWDHOLA CJOJOZI;4.103259541;1945
661;GQKRWIB HKVJCAP;5.088531882;1934
662;WWPKLXZ XLQZPAU;4.836031395;2006
663;EJNBCKW WAILQPS;5.083979594;1962
664;CPEQFHG FVQWHOP;6.441942044;2006
665;NQLXLBP AOVZXJU;3.933437513;1953
666;BNIPKUR HTYOIDO;4.781810923;1936
667;TNONKHV HFWMTSR;6.497026308;1987
668;XBHCHCE LOXDAGF;2.571297219;1961
669;ZTVDKRD LDBMVGC;8.114095423;1990
670;QVKWWCM LNGIIQT;3.925171406;2002
671;NADNZTM EXPPKPG;8.278280166;1982
672;EZQTLNU AIRJFPQ;9.285399933;1956
673;ZBGWWGL YXQXDGV;7.56135197;1950
674;JTLKQFB UWTXMXI;5.351819721;1900
675;XFHAHNN XYCREHI;3.157112154;1930
676;NSRUIXS MTAKMAY;6.824936499;1908
677;RGJARBU DIQUWGD;9.271551047;1926
678;KIARLVK PKDGKRH;2.143279823;1992
679;QZIRGEP OFBKWDQ;5.66566869;1904
680;QUJLWMZ JJCEUZJ;5.126096672;1915
681;HNGFAGW CMWXDZE;7.239659425;1953
682;BWFYSCO MYYCSAO;3.645498682;1963
683;WSFDAME IJFPQYP;0.925235665;1975
684;SISDFRP PNTKENZ;3.522565563;1942
685;CTTNCJL ASGIHQO;8.151316046;1958
686;GSAGZBU TJESSCH;3.850240503;2002
687;QHWUCIL GBHVUMB;2.246549853;1992
688;BDCYPUC NLOMMRF;6.83189543;1959
689;KZCTUPU NUZKJLZ;3.4310343;1977
690;JSJSNSJ VAOCWGB;4.786620106;1924
691;PFYDSST DICUIXF;2.567066555;2009
692;BHBSTYN BSTJTQD;3.4127121;2014
693;RZEVODC JWEXNNT;2.687300816;1958
694;SBYSTFA MORNGNV;7.041854035;1906
695;HIVJDZZ ZPDXCKL;8.01623773;2006
696;CHZWVTE TXKXZFT;6.656824399;1923
697;KJIYNTB GGVTYPG;9.883714978;2010
698;GZNGQFS BBLZKFB;3.917771298;1930
699;VYDUHUX SQKKLQC;0.562954562;1920
700;QGJXDHA BURUDNX;8.706055156;2009
701;HKKVGQP WQITVUB;3.619375285;2015
702;VFLHKZE RLVCCJV;8.920245744;1910
703;DFMNKGI XJIKGOE;0.715026391;1934
704;XZRQKKC ZVTIJLW;0.851129842;1975
705;DGLQJFB ZXVAIWY;9.676965031;1906
706;PFUAWGS FGIIEUN;2.124020027;1961
707;MMLOPEH UNPASIF;3.741929656;1968
708;ZWKYGUK UIXHXJV;5.68591607;2003
709;RRDATGX GTLBXKX;5.801610946;1928
710;VMQYWCP EKFRVHJ;3.825462223;1998
711;RGFQKLB YRPYXZG;2.854681341;1954
712;MLANPDL ZEZSZRM;7.05847181;1948
713;MQYVAHQ XFIQMEO;3.344360198;1996
714;HIHARAF UOYASNE;3.629324613;1926
715;CGXAYCV KSVHKSW;9.328602572;1959
716;RSUPOKG SZZPYPI;5.259737201;1911
717;SOQANFG IIWUYZT;5.132386811;2019
718;PMXPBSP AHUYWGY;2.222888752;1999
719;DGZIHPS BOYWYOU;8.981414206;1920
720;MJRVPCU HYLGXCK;3.04091222;2001
721;FWCACXU RZXJIUB;5.732004845;1995
722;KOMVQPA MZBHCZG;7.05896694;1918
723;IKEGCFR NPLXNHL;5.465470589;2014
724;NHUYDUZ QPAGLJR;5.040538106;1999
725;OUVRUSV SVYAFCF;8.565164507;2006
726;SQHIXRB KJROXLT;5.624809727;1970
727;JMVKGIL XCAFMQR;8.296438746;1959
728;NXMGWGI VOKHVGL;6.914082806;2005
729;VWPNYBA NBCVTGE;6.857467393;1953
730;ELAIOSN NYCVOWU;9.221899906;1945
731;OTZWLCA SFHCLVU;7.900982029;1935
732;FAAGYNS HOMFZYE;1.724911316;2007
733;VKQCPWQ PDYAJRT;5.326736275;1979
734;JRBCUBR KXYCNWY;0.23488646;1969
735;XRWCZIB SVQCUXR;2.127710204;1912
736;YZRJNZT WPQIVWA;5.389657109;1988
737;KEUASDO PUPMTEI;3.544317254;1959
738;WCQCZIW GJRGEBM;9.318247037;2007
739;DYWQTWO APXAICI;1.867714757;1973
740;UZQADRE KYSOAET;9.781390431;1996
741;DUENHSL KHVZKGP;1.706731243;2018
742;FUSOCRF DWCGLWJ;0.588471735;1941
743;JTHIXUZ HTIEOSG;1.579920341;1967
744;NKCTOEF WAFXCMT;2.701028692;1908
745;UCVGGDR OJPITBK;0.921876375;1950
746;XNQWJWY GABOKPP;7.405374531;1918
747;YIBENPM KCMHMJE;3.803673828;1990
748;NCQRCDJ WSKMDLP;3.388225592;1904
749;TXVBAVO HZSMQGQ;0.811727704;2017
750;YANNQPU CKQLAMA;5.08658235;1965
751;MKIEVYT NDEHHFV;4.77649115;1974
752;ITODMHD NWKXIKF;2.834148648;2017
753;MJFEOLW KFMVQIM;6.258985822;1916
754;RIAKMFH LXVHAUG;8.712819892;1914
755;UPFLZLU WEPUGFL;5.715573657;1945
756;TZUVUTH LSOEEGH;2.567408642;1991
757;AEUCEDH DODUSIJ;8.473424868;1981
758;TIQWIDC UORPXHU;5.243655239;1912
759;SAZEGGH ZWORLUO;8.121642632;2000
760;HOZTQRQ AADBGMQ;5.831302082;1939
761;NIWGLXS SOXJCSD;1.116880547;1973
762;LOFGVPG OFKATZL;8.927532839;2004
763;CZFHJWZ TTNFLBF;6.018256333;1996
764;XORTAUQ YUZKNWO;2.241446976;1943
765;MWCZJPH GSLRGOI;6.968768385;1983
766;SNPQLMF SSOCQEV;2.540911955;1901
767;TDCAVMR VRWQBJZ;2.585004491;1961
768;RCYIRZY GJHCKRI;0.007087733;1958
769;UIHHSLR VDMBRHQ;2.279581547;1910
770;YNRDDTM HIPRPBZ;5.960210451;2014
771;MWCGWLO YLQMUXP;1.97346122;1980
772;JJAQTLP QHCOTMX;6.732156489;1962
773;EHRTWVO BDEKAGQ;2.930910067;1945
774;TFWBPVD PGCKBQK;0.795942948;1945
775;URFQUOK CUKCFVA;1.842370046;1988
776;WTBUQTZ JQPPFHY;2.199376335;1920
777;AJLKLJO OWRNKVL;9.876580843;2010
778;DJSKUXM WWKBHWI;5.572207189;1949
779;KGHHYIE AVFPSTP;6.298229364;1936
780;JTUIRIV BLTTUZA;5.066234885;1920
781;ZKWQUID MJQQKZL;3.951496647;1935
782;YNNYESX YNUJRRR;0.047898208;1971
783;GOZQACJ AYGKLAH;5.534272466;1923
784;GEVANNC OXDTEKQ;3.225211442;1955
785;LBABLVM CBVOLRV;4.917497847;2006
786;LLKGPDP VSYRIAG;1.115248151;1968
787;SCMHTLH FBWQMAT;2.301911252;1995
788;SRHSTOX NZMHEVA;1.252942964;1953
789;DUCFAVF QWPNURE;7.820020789;1923
790;YGLFCAN WHMTHOY;1.277460662;1976
791;NHMXTQJ TNVZFOW;4.628590818;1909
792;BNZVLZU ZDBAZQK;9.868853444;1931
793;LOUIWPD YRJDZDM;0.048869144;1925
794;IEHXEOG CWVSDNG;7.388646288;1996
795;OTTHQKA LQDRBUI;6.69651494;1990
796;UVLYVBK MBOTJGY;1.853476105;2000
797;PMBEQDL KQHVCME;7.606910834;1998
798;YGUMAFS KQDQZPA;5.24032844;2002
799;XRXEOWL YHQGLHO;5.217083649;2018
800;MSOSIPF DXKKECO;6.766653768;1938
801;ETDELJA TWSUPOH;6.546132442;1981
802;VDOVJOL QDSOVCH;1.846068691;1991
803;QBNENYR MXRKCBM;5.951046323;1943
804;HWLRJSN WPIIXOP;2.763150887;1906
805;FDZJVFT QMWZBOZ;4.011761253;1948
806;GHUJCPI LIOYRRE;4.125819399;1999
807;CZJHGIA HLRMSHI;7.996447087;1938
808;ZHCLZFT FVOPHPO;4.060024755;1952
809;HJHJDOJ FSVPNFU;7.679107176;1996
810;GFNRWTS KEUPXNS;0.398035366;2004
811;UWXQYZA VCISIII;4.181374026;1901
812;MZWFYVS PXMNUQZ;3.232908775;2016
813;PSVZISJ UIGQBKH;2.876158011;2006
814;KICIDRZ THBOTAB;7.198852648;1953
815;QBNYTCZ PJPMJJP;8.39950126;2019
816;BKOQZOK FAMSUHP;9.111631161;1958
817;PXTMREJ DWADFUY;8.746057007;1943
818;QRQWLWI KQBIJDK;6.504607187;1910
819;OAORWKX LMMSMPF;5.559785504;1998
820;LXYOJLO UGKTAYI;6.801961094;1949
821;AASVTVH DYRKXCG;7.030526228;1989
822;CGDFDUK YJPCWBG;0.504257518;1996
823;ZYWBOKH ZOCGOQD;9.886145015;1954
824;SDYERHC TQFCWLR;0.746825732;1908
825;PWSOXRX DDWMSDO;6.13892203;1980
826;ZHABAEF DCSOOMI;5.539779003;1996
827;MYWTXBM VUXJJUS;4.179409849;1909
828;ZYMWEVU SODXHKJ;4.831793881;1938
829;FJQHTJO ZYQACUB;4.810732116;1926
830;SNFKWWU IIHKCKT;8.385566146;1911
831;BSYNRMT GIMUPBA;1.893797685;1905
832;WVCVBRG NIVAKMB;4.715570844;1983
833;JAFLUBB IFBIHWA;6.802170851;1966
834;EHYKIHH YJUVRXQ;0.053153799;2009
835;ESEIOPP XUXNRSH;4.075030225;1944
836;ZNXYHBY YFNEGUH;1.685688723;1908
837;JBUCSVU DRPGNBH;7.298453581;1993
838;YRYHAHF VYTGZUZ;1.291026075;1900
839;NWWYGYF TLVGCVA;1.500525814;1914
840;KDQFLRQ NYWQLWK;8.203295676;2019
841;CZHLFHZ JZCZGWS;5.771734993;1963
842;DLJEJBI RNGRRIY;4.572785898;1933
843;EDIOOPK MBQVJKQ;1.032741891;1928
844;UHRILHM OZMLHAL;5.655000265;1926
845;LCKIZFZ JEDSMID;8.873282457;1972
846;DZVHQFI SNRDXYW;4.024916221;1936
847;ECWAFBX FOLRTLC;9.679676911;1918
848;BFIMABT XKRRFAI;6.828377622;1939
849;RDOZISU IQSKENJ;7.064456011;1971
850;RHQGFDB PCIHTNM;0.814672551;1957
851;LFMEMVW WUJOFUE;1.622658211;1981
852;MXBZSEX QAYEQDF;4.523115525;1925
853;IGLYYAG PKLDBVF;5.366430866;2000
854;UIIBFBT TRYIJLK;6.996535464;1931
855;GEKUAUN GGFDYOV;5.347493533;2016
856;MWYXZPB TJNWQVA;7.668602362;1923
857;FCJUWUS CIEPURO;9.999846493;2016
858;CAASRHE FLBZFZW;0.35776361;1901
859;UVWTCPH PIKAXGU;6.610892391;2011
860;PHZFJXT YHLJBBD;7.614147729;1974
861;CRCFWFH WFQVGLU;7.618167819;1977
862;AXUNXIY LEVQTVD;0.133996515;1905
863;DCGGYJP YWYKHOZ;2.388377494;1924
864;VUDWIJI SBZIRHG;0.620013762;1940
865;GKUNZUO KDYWOSV;2.094182796;1911
866;HPIMEUQ JJVVEAD;6.420787364;1950
867;QSKTENF IBZRGRP;5.528222143;1915
868;NZCAJEX SNQZIPI;2.865939656;1935
869;MZOSRSP ZFVKBGJ;5.122514238;1958
870;JVTLGRO PIEZYHB;1.914996927;1965
871;JYHPKUB GVDXZCO;2.147872507;1937
872;MSLCXTG IMTNZFV;6.671302582;1951
873;BMUMLZT AGZNZDZ;5.231814516;1972
874;KDSZVST BQLPXUN;1.64130466;1990
875;KYRPSHL MIGCNUP;5.2393968;2004
876;NDPLRWX HFEKJIK;8.070690708;1966
877;FFYDJQH YAUTEFC;5.152063516;1949
878;PSTMATS HOYVFNB;1.060214673;1949
879;ETYTQJA NKUZBBW;0.318172222;1931
880;KOPPIPU PXBKCUH;8.178476364;1983
881;NGOFFIO VMAEXAT;6.40446155;1946
882;CCFOHRU XBJIDLQ;2.122687681;2012
883;EZUDHLL IGLOCPN;7.310297076;1996
884;MBPRFHZ AFGCWOB;3.361441774;2009
885;VYHOCNV QOBIKEY;6.711932236;1918
886;ZGWDYHD RBQUVRV;6.511042639;1932
887;TWVDHGF GWTVKAX;4.137494675;1906
888;BPXFCZO KEDFORT;7.983291261;1947
889;VIAETTO TAKZTAJ;5.830629113;1960
890;PTQHHCY KCMAAYK;2.63489254;1980
891;FXXGKDN QBFMXKO;5.961639793;1930
892;NYJESNE XCRQKFY;8.32496001;1974
893;TLBYKLN DKIBOMD;2.711745364;2015
894;ALHBIQO NHAIRSX;7.0901577;1965
895;DSZUOQI NBIACNW;6.668646664;1995
896;CYOTKMV MHGBEQG;3.124255937;2010
897;FFZVMUG ATOIPCO;3.698145701;1962
898;ERXNNGH WOEIZVC;5.795479149;1927
899;QWIYHTH HEACTCG;9.097946234;1965
900;HIANUSR BLILSXW;4.473210312;2001
901;CNTZRDW GZSJWED;1.121345662;1995
902;WESTPRX KENAWFD;8.6954483;1972
903;KJOIPQR BFEQEIP;0.277183767;1917
904;YYQJTJL KWQZGDI;2.196584272;1916
905;IJEKJHN EZZDRAJ;8.991558547;1901
906;RORRDJI NRPPTDQ;6.842157257;1931
907;EQMRHQB GZRINCJ;0.592991992;1992
908;NQOXSJU MWTYJQD;5.920428734;1934
909;EKOKUQI HOTWELO;0.147492095;1906
910;FTZMBML ZIVFLJK;7.987317875;1912
911;WQGICNU RYGNFTP;0.084725166;2000
912;IDLSWPD OUYQLPO;4.717225226;1961
913;CLIDINL IQCNKAB;5.695743614;1927
914;NWASOGR ICDCJDJ;9.305850862;2011
915;COYRMJQ GOOPHLK;1.337567422;1915
916;SYIIYXR GQJWPIM;2.733752671;2010
917;NUBLXOH PKMCPVZ;1.386402134;2014
918;LGVOBOC AFSKOXA;0.294522526;1969
919;BTZZLHM HHJHFPF;0.590116314;1963
920;TZABUOW PRQDXLF;6.084751444;1923
921;HJMBQCO KHRCDRV;7.635914618;1927
922;LEEYLIR FESNHBO;1.401455093;1915
923;ERHXYNG KVYKHHI;8.305176923;1929
924;DRAHINT BZMVHIS;0.386830167;1966
925;RNYJMMN ODHEKGA;3.656853316;1901
926;CNLQKSZ NSYSCXD;9.25798894;2012
927;HVORNJV BRJQNJS;1.477890464;1944
928;XSLKTHW DREGELE;4.962472203;1938
929;PAKDBAX AKFQLEM;4.475741674;1927
930;SCKEGIT QLIHNPN;7.529307004;1976
931;ADSLBBE MSHHYBZ;7.790787698;2017
932;BJKZOHM PYLJXIQ;6.366432864;1977
933;HAWOTMC YHMCHZJ;4.646610059;1948
934;RJIMBKQ GLCTNTV;9.563769909;1954
935;JYMWCBG PHBVKOB;6.234832655;1947
936;XCTESCR QNZZNXD;8.86140998;1910
937;KILTPOY SENFHRP;3.058782224;1951
938;PGTGXLV QYAGUHB;8.667077785;1980
939;EOCFWRC UQRFRWV;9.223674448;1999
940;CKQNNQL EQTDMAI;3.71952368;2002
941;LZRSHKI QESZYUM;2.594388978;1955
942;VCPDAOR MMIIZEZ;4.96836516;1949
943;JQHCQMW CUFOQPV;4.157283823;1929
944;IWIXVCX ZOLMSBY;7.859849697;1903
945;TOQZGZO KFFFNXK;5.600916883;1950
946;HJMLIHK EYONWZX;7.41197843;1955
947;RGNXJPL GMVLBFK;9.366279608;1954
948;DXJMDWO RYAVZTK;2.270232114;2013
949;XFREEJV XQWJGEJ;5.93608851;1994
950;HKSTZWQ IAFXCQH;1.205917756;1901
951;ZSEYOCQ BEYJZTB;7.610212582;1942
952;CSFMQFH UXDFSSA;4.206120891;1996
953;RWEPMDB TXSSNBV;1.556729882;2017
954;HEASEPD HHEFPFH;8.631169619;1991
955;QVZDSQK BCWWMTU;3.292073436;1966
956;OWBCYFT NEAZISF;2.132048695;1948
957;BVBBQCO WSCZOHQ;7.553397938;1943
958;HFAAANJ QSWWEYG;7.920324846;2011
959;YYQYITY GMZVDSB;2.131455377;1923
960;CFNMZOT CMZJNAZ;5.480207163;2000
961;FQVZAQO PFXTTDU;1.200350805;1910
962;ASTJWNN IOUPMHH;6.732734144;1906
963;ELZSADA UXVCZSU;2.220466741;1924
964;FDYDJQJ KGSNIOY;7.553954494;1918
965;LGMJMSZ UFNWBFS;7.187409717;1934
966;OGPEXNI NFJRUXZ;5.411357807;2014
967;ECJSZVC CZYPXKL;6.338339676;1972
968;NDWKWIZ XHCTEIW;0.048690386;2013
969;XSRDWCY MUCBSEL;1.359326784;1995
970;ITOZNUW WQLSVKN;0.337506352;1975
971;AHTIUTN XLLTOXS;9.944917732;1963
972;OYZTMFH OFCSIWK;0.005323509;1951
973;XBWLYBM YWEQEVS;0.803510825;1962
974;JJXYSAD TUQFCCU;0.601786636;2012
975;LRIZXAH GZHWLKD;4.274463205;1960
976;BFKEGFA YYSRTWZ;8.577546639;1912
977;LZZBJUM KTAJRMY;8.212847432;1923
978;FBQXHZS FAPWTYO;8.770046482;1983
979;LERRFPB YEVJVFV;5.169004796;1983
980;ZPZVCWB KVLNVKX;3.220973901;1938
981;FGIVNSX IVQNSTY;4.23114325;2017
982;FIEEZNS HFSGKAC;7.741565846;1974
983;RZIESDV DAOZUUD;6.894378742;1959
984;JFMKZXW PEBDQEH;6.261915062;1950
985;ZVAMKHU MHFASWO;3.695075128;1927
986;LSIRFYM MJKZFSY;3.528480687;1949
987;LHKHQQH MDDPGML;4.289343419;1958
988;QPJAKUL EONDOBK;3.2669171;1924
989;RCNMLSF RMWQVFX;8.430545294;1947
990;VBJFXKM STVXHTE;3.232834054;2007
991;VQBGBHC QDEBQEQ;4.744914499;1974
992;VBLQIOL QTEUGRV;6.518909555;1913
993;YBSHXVZ QUVORKU;0.608473455;1920
994;FXNAJTD HDZAJEV;2.305900786;1999
995;WEZXSRF FQACYWU;5.268538026;1959
996;ZUNMPAO LRGFRVS;1.210834293;1922
997;BFRAFQN SFUIZBA;7.724300898;2019
998;PPDZREN XXOWXOA;7.070654927;1966
999;OQZEBSG TMVTBPV;1.653649574;1905
1000;CTBKSPE TDCGLXJ;4.796049216;1952
